X,Y,gid,provincia,distrito,region_nat,categoria,codigo,ubigeo,departamen,descripcio,poblacion,origen,idccpp_07,nombccpp07,tipo_ccpp,fpol_ccpp,nom_surb,nom_ssurb,cat_ccpp,tot_viv17,label_ccpp,icon_url
-72.1162110180078,-13.3055535529994,"1",URUBAMBA,URUBAMBA,QUECHUA,CIUDAD,"0813010001","081301",CUSCO,URUBAMBA,13942,cpv2017_v1,,,,,,,,0,,./0.png
-72.1308699820077,-13.2248299809994,"2",URUBAMBA,URUBAMBA,PUNA O JALCA,CASERIO,"0813010003","081301",CUSCO,CUNCANI,174,cpv2017_v1,,,,,,,,0,,./0.png
-72.1730299820069,-13.2264399809994,"3",URUBAMBA,URUBAMBA,PUNA O JALCA,CASERIO,"0813010004","081301",CUSCO,CHUPANI,177,cpv2017_v1,,,,,,,,0,,./0.png
-72.163769982007,-13.2427399809994,"4",URUBAMBA,URUBAMBA,SUNI,CASERIO,"0813010005","081301",CUSCO,HUACAHUASI,482,cpv2017_v1,,,,,,,,0,,./0.png
-72.113809981008,-13.2451799809994,"5",URUBAMBA,URUBAMBA,SUNI,OTROS,"0813010006","081301",CUSCO,SUTOC PACHA,22,cpv2017_v1,,,,,,,,0,,./0.png
-72.2060866670063,-13.2484616669995,"6",URUBAMBA,URUBAMBA,SUNI,OTROS,"0813010007","081301",CUSCO,PATAQUISCAYOC,21,cpv2017_v1,,,,,,,,0,,./0.png
-72.1883433330066,-13.2688166669995,"7",URUBAMBA,URUBAMBA,QUECHUA,CASERIO,"0813010008","081301",CUSCO,CHAQUIHUAYCCO,95,cpv2017_v1,,,,,,,,0,,./0.png
-72.1742000000068,-13.2579366669995,"8",URUBAMBA,URUBAMBA,QUECHUA,CASERIO,"0813010009","081301",CUSCO,PUCARA,151,cpv2017_v1,,,,,,,,0,,./0.png
-72.1267766670076,-13.2800183329994,"9",URUBAMBA,URUBAMBA,QUECHUA,CASERIO,"0813010010","081301",CUSCO,PUMAHUANCA,18,cpv2017_v1,,,,,,,,0,,./0.png
-72.1861600000066,-13.2763349999995,"10",URUBAMBA,URUBAMBA,QUECHUA,CASERIO,"0813010012","081301",CUSCO,RINCONADA,943,cpv2017_v1,,,,,,,,0,,./0.png
-72.1703666660069,-13.2766149999994,"11",URUBAMBA,URUBAMBA,QUECHUA,CASERIO,"0813010013","081301",CUSCO,MIKAY,654,cpv2017_v1,,,,,,,,0,,./0.png
-72.1062316670081,-13.2823816659993,"12",URUBAMBA,URUBAMBA,QUECHUA,CASERIO,"0813010015","081301",CUSCO,SAN ISIDRO DE CHICON,584,cpv2017_v1,,,,,,,,0,,./0.png
-72.2111583330062,-13.2762533329995,"13",URUBAMBA,URUBAMBA,QUECHUA,OTROS,"0813010017","081301",CUSCO,TARAL,2,cpv2017_v1,,,,,,,,0,,./0.png
-72.1575633330071,-13.2824933329994,"14",URUBAMBA,URUBAMBA,QUECHUA,UNIDAD AGROPECUARIA,"0813010019","081301",CUSCO,MEDIA LUNA CHICO,45,cpv2017_v1,,,,,,,,0,,./0.png
-72.1559200000071,-13.2845549999994,"15",URUBAMBA,URUBAMBA,QUECHUA,CASERIO,"0813010020","081301",CUSCO,MEDIA LUNA,194,cpv2017_v1,,,,,,,,0,,./0.png
-72.1443433330073,-13.2843599999994,"16",URUBAMBA,URUBAMBA,QUECHUA,CASERIO,"0813010021","081301",CUSCO,SANTO DOMINGUYOC,39,cpv2017_v1,,,,,,,,0,,./0.png
-72.1325050000076,-13.2879066669994,"17",URUBAMBA,URUBAMBA,QUECHUA,UNIDAD AGROPECUARIA,"0813010022","081301",CUSCO,KEROCANCHA,61,cpv2017_v1,,,,,,,,0,,./0.png
-72.1548050000071,-13.2866083329994,"18",URUBAMBA,URUBAMBA,QUECHUA,CASERIO,"0813010023","081301",CUSCO,TARABAMBA,91,cpv2017_v1,,,,,,,,0,,./0.png
-72.1282733330076,-13.2884649999994,"19",URUBAMBA,URUBAMBA,QUECHUA,CASERIO,"0813010024","081301",CUSCO,AHUANMARCA,227,cpv2017_v1,,,,,,,,0,,./0.png
-72.1457366660073,-13.2892649999994,"20",URUBAMBA,URUBAMBA,QUECHUA,CASERIO,"0813010025","081301",CUSCO,AYLLUPAMPA,411,cpv2017_v1,,,,,,,,0,,./0.png
-72.1443700000073,-13.2903516669994,"21",URUBAMBA,URUBAMBA,QUECHUA,ANEXO,"0813010026","081301",CUSCO,RUMICHACA ALTA,259,cpv2017_v1,,,,,,,,0,,./0.png
-72.1340550000075,-13.2957949999994,"22",URUBAMBA,URUBAMBA,QUECHUA,ANEXO,"0813010028","081301",CUSCO,CHACJHUAR,167,cpv2017_v1,,,,,,,,0,,./0.png
-72.1253447900077,-13.2965683359994,"23",URUBAMBA,URUBAMBA,QUECHUA,CASERIO,"0813010030","081301",CUSCO,PALCCARAQUI,182,cpv2017_v1,,,,,,,,0,,./0.png
-72.1326516660075,-13.3011649999994,"24",URUBAMBA,URUBAMBA,QUECHUA,ANEXO,"0813010031","081301",CUSCO,RUMICHACA BAJA,428,cpv2017_v1,,,,,,,,0,,./0.png
-72.109413333008,-13.2870399999993,"25",URUBAMBA,URUBAMBA,QUECHUA,CASERIO,"0813010032","081301",CUSCO,YANACONAS,257,cpv2017_v1,,,,,,,,0,,./0.png
-72.1329650000075,-13.2995349999994,"26",URUBAMBA,URUBAMBA,QUECHUA,OTROS,"0813010034","081301",CUSCO,COOTO ORCCO,48,cpv2017_v1,,,,,,,,0,,./0.png
-72.1014767300081,-13.3032607859993,"27",URUBAMBA,URUBAMBA,QUECHUA,CASERIO,"0813010038","081301",CUSCO,CHICHUBAMBA,66,cpv2017_v1,,,,,,,,0,,./0.png
-72.1360185870074,-13.3037507189994,"28",URUBAMBA,URUBAMBA,QUECHUA,OTROS,"0813010039","081301",CUSCO,PAMPACCOCHA,61,cpv2017_v1,,,,,,,,0,,./0.png
-72.1867500980066,-13.2695961729995,"29",URUBAMBA,URUBAMBA,QUECHUA,OTROS,"0813010042","081301",CUSCO,VILLA MARCELO,32,cpv2017_v1,,,,,,,,0,,./0.png
-72.1495833330072,-13.2851999999994,"30",URUBAMBA,URUBAMBA,QUECHUA,OTROS,"0813010043","081301",CUSCO,ROMPEPATA,83,cpv2017_v1,,,,,,,,0,,./0.png
-72.1319900000075,-13.2998816669994,"31",URUBAMBA,URUBAMBA,QUECHUA,OTROS,"0813010045","081301",CUSCO,HUINCHO,54,cpv2017_v1,,,,,,,,0,,./0.png
-72.1973420880064,-13.2651670979995,"32",URUBAMBA,URUBAMBA,QUECHUA,,"0813010048","081301",CUSCO,CHALLHUACOCHA,112,cpv2017_v1,,,,,,,,0,,./0.png
-72.048895301009,-13.3919472469992,"33",URUBAMBA,CHINCHERO,SUNI,PUEBLO,"0813020001","081302",CUSCO,CHINCHERO,3765,cpv2017_v1,,,,,,,,0,,./0.png
-72.0796910570084,-13.3821886469993,"34",URUBAMBA,CHINCHERO,SUNI,ANEXO,"0813020002","081302",CUSCO,HUATATA,338,cpv2017_v1,,,,,,,,0,,./0.png
-72.052600964009,-13.3843967499993,"35",URUBAMBA,CHINCHERO,SUNI,ANEXO,"0813020003","081302",CUSCO,QUERAPATA,26,cpv2017_v1,,,,,,,,0,,./0.png
-72.0794983330084,-13.3855499999993,"36",URUBAMBA,CHINCHERO,SUNI,ANEXO,"0813020004","081302",CUSCO,UMANES,350,cpv2017_v1,,,,,,,,0,,./0.png
-72.0960066670081,-13.3955449999994,"37",URUBAMBA,CHINCHERO,SUNI,ANEXO,"0813020005","081302",CUSCO,SAN JOSE,266,cpv2017_v1,,,,,,,,0,,./0.png
-72.097243333008,-13.4101516669994,"38",URUBAMBA,CHINCHERO,SUNI,ANEXO,"0813020006","081302",CUSCO,SAN JUAN BAUTISTA,223,cpv2017_v1,,,,,,,,0,,./0.png
-72.0918300000081,-13.4156416669993,"39",URUBAMBA,CHINCHERO,SUNI,ANEXO,"0813020007","081302",CUSCO,VILLA MERCEDES,57,cpv2017_v1,,,,,,,,0,,./0.png
-72.0693566670086,-13.3983716669993,"40",URUBAMBA,CHINCHERO,SUNI,ANEXO,"0813020009","081302",CUSCO,CHAQQUELCCOCHA,16,cpv2017_v1,,,,,,,,0,,./0.png
-72.0710433330085,-13.4252533329993,"41",URUBAMBA,CHINCHERO,SUNI,ANEXO,"0813020010","081302",CUSCO,MUYURI,247,cpv2017_v1,,,,,,,,0,,./0.png
-72.094963333008,-13.4162116669994,"42",URUBAMBA,CHINCHERO,SUNI,ANEXO,"0813020011","081302",CUSCO,CHARAC,141,cpv2017_v1,,,,,,,,0,,./0.png
-72.0669883330086,-13.4059433329993,"43",URUBAMBA,CHINCHERO,SUNI,ANEXO,"0813020012","081302",CUSCO,OLONES,171,cpv2017_v1,,,,,,,,0,,./0.png
-72.0549583290089,-13.4084532809992,"44",URUBAMBA,CHINCHERO,SUNI,OTROS,"0813020013","081302",CUSCO,LLAULLIKASA,52,cpv2017_v1,,,,,,,,0,,./0.png
-72.0808383330083,-13.4237816669993,"45",URUBAMBA,CHINCHERO,SUNI,ANEXO,"0813020014","081302",CUSCO,SAN ISIDRO,46,cpv2017_v1,,,,,,,,0,,./0.png
-72.1048300000078,-13.4190349999993,"46",URUBAMBA,CHINCHERO,SUNI,ANEXO,"0813020015","081302",CUSCO,MIRAFLORES,131,cpv2017_v1,,,,,,,,0,,./0.png
-72.0107916670099,-13.4088983329992,"47",URUBAMBA,CHINCHERO,SUNI,ANEXO,"0813020016","081302",CUSCO,CUPER ALTO,227,cpv2017_v1,,,,,,,,0,,./0.png
-72.0209750000096,-13.4078816669992,"48",URUBAMBA,CHINCHERO,SUNI,ANEXO,"0813020017","081302",CUSCO,CUPER BAJO,212,cpv2017_v1,,,,,,,,0,,./0.png
-72.0405400000092,-13.4086116669992,"49",URUBAMBA,CHINCHERO,SUNI,ANEXO,"0813020018","081302",CUSCO,PUCAMARCA,262,cpv2017_v1,,,,,,,,0,,./0.png
-72.047685000009,-13.4079383329992,"50",URUBAMBA,CHINCHERO,SUNI,ANEXO,"0813020019","081302",CUSCO,HUITAPUCYO,91,cpv2017_v1,,,,,,,,0,,./0.png
-71.9990450000101,-13.4110999999992,"51",URUBAMBA,CHINCHERO,SUNI,CASERIO,"0813020020","081302",CUSCO,TAUCCA,137,cpv2017_v1,,,,,,,,0,,./0.png
-71.9955066670102,-13.4139466669991,"52",URUBAMBA,CHINCHERO,SUNI,ANEXO,"0813020021","081302",CUSCO,CCORCCOR,200,cpv2017_v1,,,,,,,,0,,./0.png
-72.0567183330088,-13.4220216669993,"53",URUBAMBA,CHINCHERO,SUNI,ANEXO,"0813020022","081302",CUSCO,HUILA HUILA,329,cpv2017_v1,,,,,,,,0,,./0.png
-72.0687223520085,-13.4386233269993,"54",URUBAMBA,CHINCHERO,SUNI,ANEXO,"0813020024","081302",CUSCO,CAPULIYOC,18,cpv2017_v1,,,,,,,,0,,./0.png
-72.0140733330097,-13.4154033329992,"55",URUBAMBA,CHINCHERO,SUNI,ANEXO,"0813020025","081302",CUSCO,OCUTUAN,73,cpv2017_v1,,,,,,,,0,,./0.png
-72.0058956570099,-13.4225745679992,"56",URUBAMBA,CHINCHERO,SUNI,CASERIO,"0813020026","081302",CUSCO,UMASBAMBA,376,cpv2017_v1,,,,,,,,0,,./0.png
-72.047103333009,-13.4219849999992,"57",URUBAMBA,CHINCHERO,SUNI,ANEXO,"0813020027","081302",CUSCO,PIURAY,135,cpv2017_v1,,,,,,,,0,,./0.png
-72.0405083330091,-13.4255383329992,"58",URUBAMBA,CHINCHERO,SUNI,CASERIO,"0813020028","081302",CUSCO,PONGOBAMBA,452,cpv2017_v1,,,,,,,,0,,./0.png
-71.9951200000102,-13.4205333329992,"59",URUBAMBA,CHINCHERO,SUNI,ANEXO,"0813020029","081302",CUSCO,ICHUCANCHA,24,cpv2017_v1,,,,,,,,0,,./0.png
-72.0614250000087,-13.4482866669993,"60",URUBAMBA,CHINCHERO,SUNI,CASERIO,"0813020030","081302",CUSCO,CCORIMARCA,238,cpv2017_v1,,,,,,,,0,,./0.png
-72.0393916670091,-13.4358216669992,"61",URUBAMBA,CHINCHERO,SUNI,ANEXO,"0813020031","081302",CUSCO,VALLE DE CHOSICA,421,cpv2017_v1,,,,,,,,0,,./0.png
-72.0489716670089,-13.4495066669993,"62",URUBAMBA,CHINCHERO,SUNI,CASERIO,"0813020032","081302",CUSCO,AYARMACA,177,cpv2017_v1,,,,,,,,0,,./0.png
-72.0386450000091,-13.4452899999992,"63",URUBAMBA,CHINCHERO,SUNI,CASERIO,"0813020033","081302",CUSCO,CCORICANCHA,316,cpv2017_v1,,,,,,,,0,,./0.png
-72.0430102310091,-13.4520860899992,"64",URUBAMBA,CHINCHERO,SUNI,CASERIO,"0813020034","081302",CUSCO,SIMATAUCCA,293,cpv2017_v1,,,,,,,,0,,./0.png
-72.098229982008,-13.4177399819993,"65",URUBAMBA,CHINCHERO,SUNI,CASERIO,"0813020035","081302",CUSCO,TANGABAMBA,49,cpv2017_v1,,,,,,,,0,,./0.png
-72.0666859640086,-13.4426958699993,"66",URUBAMBA,CHINCHERO,SUNI,OTROS,"0813020036","081302",CUSCO,RAMUSQACCA,16,cpv2017_v1,,,,,,,,0,,./0.png
-72.0642183330086,-13.4394416669992,"67",URUBAMBA,CHINCHERO,SUNI,OTROS,"0813020037","081302",CUSCO,CHANCADORA,129,cpv2017_v1,,,,,,,,0,,./0.png
-72.0649150000087,-13.3743283329993,"68",URUBAMBA,CHINCHERO,SUNI,,"0813020040","081302",CUSCO,NUEVO YANACONA,47,cpv2017_v1,,,,,,,,0,,./0.png
-72.0690316670086,-13.3801416669993,"69",URUBAMBA,CHINCHERO,SUNI,,"0813020041","081302",CUSCO,NUEVO TRIUNFO,72,cpv2017_v1,,,,,,,,0,,./0.png
-72.0515997380089,-13.4117552329993,"70",URUBAMBA,CHINCHERO,SUNI,,"0813020042","081302",CUSCO,CHINCHERO,0,cpv2017_v1,,,,,,,,0,,./0.png
-72.0605116670087,-13.4276716669993,"71",URUBAMBA,CHINCHERO,SUNI,,"0813020043","081302",CUSCO,PACCLACCOCHA,14,cpv2017_v1,,,,,,,,0,,./0.png
-72.0098516670099,-13.4178999999992,"72",URUBAMBA,CHINCHERO,SUNI,,"0813020044","081302",CUSCO,UMASBAMBA,13,cpv2017_v1,,,,,,,,0,,./0.png
-72.0592500000088,-13.3984399999992,"73",URUBAMBA,CHINCHERO,SUNI,,"0813020045","081302",CUSCO,YANACONA,42,cpv2017_v1,,,,,,,,0,,./0.png
-72.0823832800083,-13.4313837689993,"74",URUBAMBA,CHINCHERO,SUNI,,"0813020046","081302",CUSCO,ASNACCCOCHA,56,cpv2017_v1,,,,,,,,0,,./0.png
-72.0792194750083,-13.4326254469993,"75",URUBAMBA,CHINCHERO,SUNI,,"0813020047","081302",CUSCO,MOSOCLLACTA,33,cpv2017_v1,,,,,,,,0,,./0.png
-72.0639112140086,-13.4443969169993,"76",URUBAMBA,CHINCHERO,SUNI,,"0813020048","081302",CUSCO,CHECCON,26,cpv2017_v1,,,,,,,,0,,./0.png
-72.0587271160087,-13.4507165589993,"77",URUBAMBA,CHINCHERO,QUECHUA,,"0813020049","081302",CUSCO,PARIGUANA,34,cpv2017_v1,,,,,,,,0,,./0.png
-72.0890266660081,-13.4315015829993,"78",URUBAMBA,CHINCHERO,SUNI,,"0813020050","081302",CUSCO,VALECITO ANDENES,136,cpv2017_v1,,,,,,,,0,,./0.png
-72.0651303180088,-13.3379971349993,"79",URUBAMBA,HUAYLLABAMBA,QUECHUA,PUEBLO,"0813030001","081303",CUSCO,HUAYLLABAMBA,1391,cpv2017_v1,,,,,,,,0,,./0.png
-72.0454550000093,-13.3116049999992,"80",URUBAMBA,HUAYLLABAMBA,QUECHUA,ANEXO,"0813030004","081303",CUSCO,TRANCA,4,cpv2017_v1,,,,,,,,0,,./0.png
-72.0525499820091,-13.3195099809993,"81",URUBAMBA,HUAYLLABAMBA,QUECHUA,CASERIO,"0813030005","081303",CUSCO,HUAYOCCARI ALTO,238,cpv2017_v1,,,,,,,,0,,./0.png
-72.0394700000093,-13.3273283329992,"82",URUBAMBA,HUAYLLABAMBA,QUECHUA,CASERIO,"0813030006","081303",CUSCO,HUAYOCCARI BAJO,888,cpv2017_v1,,,,,,,,0,,./0.png
-72.0219599810098,-13.3197899809992,"83",URUBAMBA,HUAYLLABAMBA,QUECHUA,OTROS,"0813030007","081303",CUSCO,HUANDAR,112,cpv2017_v1,,,,,,,,0,,./0.png
-72.0353900000094,-13.3321883329993,"84",URUBAMBA,HUAYLLABAMBA,QUECHUA,CASERIO,"0813030008","081303",CUSCO,HUYCHO,641,cpv2017_v1,,,,,,,,0,,./0.png
-72.0168002680098,-13.3275488299992,"85",URUBAMBA,HUAYLLABAMBA,SUNI,OTROS,"0813030011","081303",CUSCO,HOSPITALNIYOC,4,cpv2017_v1,,,,,,,,0,,./0.png
-72.0512150000091,-13.3315316669993,"86",URUBAMBA,HUAYLLABAMBA,QUECHUA,OTROS,"0813030013","081303",CUSCO,YARAVILCA BAJO,54,cpv2017_v1,,,,,,,,0,,./0.png
-72.0436066670093,-13.3317933329992,"87",URUBAMBA,HUAYLLABAMBA,QUECHUA,ANEXO,"0813030014","081303",CUSCO,SONDORMOJO,13,cpv2017_v1,,,,,,,,0,,./0.png
-72.0170816670098,-13.3518816669992,"88",URUBAMBA,HUAYLLABAMBA,SUNI,OTROS,"0813030015","081303",CUSCO,SAUSO,4,cpv2017_v1,,,,,,,,0,,./0.png
-72.0474950000092,-13.3352216669992,"89",URUBAMBA,HUAYLLABAMBA,QUECHUA,UNIDAD AGROPECUARIA,"0813030016","081303",CUSCO,MAYORISQUIA,9,cpv2017_v1,,,,,,,,0,,./0.png
-72.0473133330092,-13.3372699999992,"90",URUBAMBA,HUAYLLABAMBA,QUECHUA,CASERIO,"0813030017","081303",CUSCO,URQUILLOS,184,cpv2017_v1,,,,,,,,0,,./0.png
-72.0431216670093,-13.3355899999993,"91",URUBAMBA,HUAYLLABAMBA,QUECHUA,ANEXO,"0813030018","081303",CUSCO,MOSOCLLACTA,35,cpv2017_v1,,,,,,,,0,,./0.png
-72.0439850000093,-13.3329116669992,"92",URUBAMBA,HUAYLLABAMBA,QUECHUA,ANEXO,"0813030020","081303",CUSCO,JUQQUIHUERTA,28,cpv2017_v1,,,,,,,,0,,./0.png
-72.0848766670083,-13.3644416669993,"93",URUBAMBA,HUAYLLABAMBA,SUNI,ANEXO,"0813030022","081303",CUSCO,CHIMPARACCHI,67,cpv2017_v1,,,,,,,,0,,./0.png
-72.0760279670085,-13.3646409179993,"94",URUBAMBA,HUAYLLABAMBA,SUNI,CASERIO,"0813030023","081303",CUSCO,RACCHI AYLLU,666,cpv2017_v1,,,,,,,,0,,./0.png
-72.052723333009,-13.3702866669993,"95",URUBAMBA,HUAYLLABAMBA,SUNI,ANEXO,"0813030024","081303",CUSCO,PECCACACHO,34,cpv2017_v1,,,,,,,,0,,./0.png
-72.0989298140081,-13.3163077739993,"96",URUBAMBA,HUAYLLABAMBA,QUECHUA,CASERIO,"0813030025","081303",CUSCO,VIRGEN DE LOURDES,548,cpv2017_v1,,,,,,,,0,,./0.png
-72.0917933330082,-13.3388933329993,"97",URUBAMBA,HUAYLLABAMBA,SUNI,OTROS,"0813030026","081303",CUSCO,PACA HUAYNACCOLCA,115,cpv2017_v1,,,,,,,,0,,./0.png
-72.0696380000086,-13.3548169999993,"98",URUBAMBA,HUAYLLABAMBA,QUECHUA,OTROS,"0813030028","081303",CUSCO,CCONOC,1,cpv2017_v1,,,,,,,,0,,./0.png
-72.0492850000091,-13.3385733329992,"99",URUBAMBA,HUAYLLABAMBA,QUECHUA,OTROS,"0813030029","081303",CUSCO,TUNASMOCCO,19,cpv2017_v1,,,,,,,,0,,./0.png
-72.0453816670092,-13.3415716669992,"100",URUBAMBA,HUAYLLABAMBA,QUECHUA,OTROS,"0813030030","081303",CUSCO,SALABELLA,27,cpv2017_v1,,,,,,,,0,,./0.png
-72.0479466670091,-13.3438133329993,"101",URUBAMBA,HUAYLLABAMBA,QUECHUA,OTROS,"0813030031","081303",CUSCO,CCANTUPATA,29,cpv2017_v1,,,,,,,,0,,./0.png
-72.0493428930091,-13.3412127299992,"102",URUBAMBA,HUAYLLABAMBA,QUECHUA,OTROS,"0813030032","081303",CUSCO,TTICAPATA,7,cpv2017_v1,,,,,,,,0,,./0.png
-72.0462957440092,-13.3477102429992,"103",URUBAMBA,HUAYLLABAMBA,QUECHUA,OTROS,"0813030034","081303",CUSCO,URPAYPACCUCHO,36,cpv2017_v1,,,,,,,,0,,./0.png
-72.0454866670092,-13.3519899999992,"104",URUBAMBA,HUAYLLABAMBA,QUECHUA,OTROS,"0813030036","081303",CUSCO,ERAPATA,102,cpv2017_v1,,,,,,,,0,,./0.png
-72.0435039480092,-13.3451553409992,"105",URUBAMBA,HUAYLLABAMBA,QUECHUA,OTROS,"0813030037","081303",CUSCO,LLINKANKA,18,cpv2017_v1,,,,,,,,0,,./0.png
-72.0427983330092,-13.3518299999992,"106",URUBAMBA,HUAYLLABAMBA,QUECHUA,OTROS,"0813030038","081303",CUSCO,URPIHUATA,4,cpv2017_v1,,,,,,,,0,,./0.png
-72.0452416670092,-13.3484933329993,"107",URUBAMBA,HUAYLLABAMBA,QUECHUA,OTROS,"0813030039","081303",CUSCO,ACCOMOCCO,39,cpv2017_v1,,,,,,,,0,,./0.png
-72.0450916670092,-13.3369733329992,"108",URUBAMBA,HUAYLLABAMBA,QUECHUA,OTROS,"0813030040","081303",CUSCO,FONDO SIHUAYRO,9,cpv2017_v1,,,,,,,,0,,./0.png
-72.0461200000092,-13.3461416669992,"109",URUBAMBA,HUAYLLABAMBA,QUECHUA,OTROS,"0813030041","081303",CUSCO,LOCMAYOC,88,cpv2017_v1,,,,,,,,0,,./0.png
-72.0449783330092,-13.3442516669993,"110",URUBAMBA,HUAYLLABAMBA,QUECHUA,,"0813030043","081303",CUSCO,CCASANA,31,cpv2017_v1,,,,,,,,0,,./0.png
-72.0446250000092,-13.3390983329993,"111",URUBAMBA,HUAYLLABAMBA,QUECHUA,,"0813030044","081303",CUSCO,BUENA VISTA,9,cpv2017_v1,,,,,,,,0,,./0.png
-72.0438733330092,-13.3465916669992,"112",URUBAMBA,HUAYLLABAMBA,QUECHUA,,"0813030045","081303",CUSCO,PAMPA SACRAMENTO,0,cpv2017_v1,,,,,,,,0,,./0.png
-72.0834919820084,-13.3507426239993,"113",URUBAMBA,HUAYLLABAMBA,SUNI,,"0813030046","081303",CUSCO,RACCHI MIRADOR,45,cpv2017_v1,,,,,,,,0,,./0.png
-72.5256735040027,-13.1542104129998,"114",URUBAMBA,MACHUPICCHU,YUNGA FLUVIAL,PUEBLO,"0813040001","081304",CUSCO,MACHUPICCHU,4525,cpv2017_v1,,,,,,,,0,,./0.png
-72.5988066670022,-13.1079016669998,"115",URUBAMBA,MACHUPICCHU,RUPA RUPA O SELVA ALTA,OTROS,"0813040002","081304",CUSCO,HUILLCAR,58,cpv2017_v1,,,,,,,,0,,./0.png
-72.5806733330023,-13.1433316669998,"116",URUBAMBA,MACHUPICCHU,YUNGA FLUVIAL,OTROS,"0813040003","081304",CUSCO,CCOLLPANI GRANDE,13,cpv2017_v1,,,,,,,,0,,./0.png
-72.5495283330025,-13.1475216669998,"117",URUBAMBA,MACHUPICCHU,YUNGA FLUVIAL,OTROS,"0813040004","081304",CUSCO,INCARACCAY,5,cpv2017_v1,,,,,,,,0,,./0.png
-72.5399833330026,-13.1491549999998,"118",URUBAMBA,MACHUPICCHU,YUNGA FLUVIAL,OTROS,"0813040005","081304",CUSCO,MANDOR,10,cpv2017_v1,,,,,,,,0,,./0.png
-72.5523716670025,-13.1640583329998,"119",URUBAMBA,MACHUPICCHU,YUNGA FLUVIAL,OTROS,"0813040006","081304",CUSCO,SAN MIGUEL,5,cpv2017_v1,,,,,,,,0,,./0.png
-72.5387783330026,-13.1609633329998,"120",URUBAMBA,MACHUPICCHU,YUNGA FLUVIAL,OTROS,"0813040007","081304",CUSCO,PUENTE RUINAS,135,cpv2017_v1,,,,,,,,0,,./0.png
-72.5028233330029,-13.1708133329998,"121",URUBAMBA,MACHUPICCHU,YUNGA FLUVIAL,OTROS,"0813040008","081304",CUSCO,CEDRO BAMBA,16,cpv2017_v1,,,,,,,,0,,./0.png
-72.5591783330025,-13.1753733329998,"122",URUBAMBA,MACHUPICCHU,YUNGA FLUVIAL,OTROS,"0813040010","081304",CUSCO,INTIHUATANA,88,cpv2017_v1,,,,,,,,0,,./0.png
-72.5149133330028,-13.1854349999998,"123",URUBAMBA,MACHUPICCHU,YUNGA FLUVIAL,OTROS,"0813040012","081304",CUSCO,LUCMACHAYOC,0,cpv2017_v1,,,,,,,,0,,./0.png
-72.4441900000034,-13.2213433329997,"124",URUBAMBA,MACHUPICCHU,QUECHUA,OTROS,"0813040015","081304",CUSCO,RETAMAL,10,cpv2017_v1,,,,,,,,0,,./0.png
-72.387035000004,-13.2143216669997,"125",URUBAMBA,MACHUPICCHU,QUECHUA,OTROS,"0813040016","081304",CUSCO,CHOQUELLUSCA,30,cpv2017_v1,,,,,,,,0,,./0.png
-72.4333316670035,-13.2252733329997,"126",URUBAMBA,MACHUPICCHU,QUECHUA,OTROS,"0813040017","081304",CUSCO,QORIHUAYRACHINA,76,cpv2017_v1,,,,,,,,0,,./0.png
-72.4510216670033,-13.2071316669997,"127",URUBAMBA,MACHUPICCHU,QUECHUA,OTROS,"0813040018","081304",CUSCO,TORONTOY,6,cpv2017_v1,,,,,,,,0,,./0.png
-72.4528300000033,-13.1983016669997,"128",URUBAMBA,MACHUPICCHU,QUECHUA,OTROS,"0813040019","081304",CUSCO,TUNASMOCCO,2,cpv2017_v1,,,,,,,,0,,./0.png
-72.4367783330034,-13.2261966669997,"129",URUBAMBA,MACHUPICCHU,QUECHUA,OTROS,"0813040021","081304",CUSCO,QUENTE,19,cpv2017_v1,,,,,,,,0,,./0.png
-72.4292300000035,-13.2418733329997,"130",URUBAMBA,MACHUPICCHU,QUECHUA,ANEXO,"0813040022","081304",CUSCO,TARAYOC,32,cpv2017_v1,,,,,,,,0,,./0.png
-72.4486600000033,-13.2646133329997,"131",URUBAMBA,MACHUPICCHU,QUECHUA,CASERIO,"0813040023","081304",CUSCO,HUAYLLABAMBA,92,cpv2017_v1,,,,,,,,0,,./0.png
-72.483363333003,-13.2649983329997,"132",URUBAMBA,MACHUPICCHU,SUNI,UNIDAD AGROPECUARIA,"0813040024","081304",CUSCO,HUAYRURO,1,cpv2017_v1,,,,,,,,0,,./0.png
-72.4569950000033,-13.1917516669997,"133",URUBAMBA,MACHUPICCHU,QUECHUA,UNIDAD AGROPECUARIA,"0813040025","081304",CUSCO,PAMPACCAHUA,27,cpv2017_v1,,,,,,,,0,,./0.png
-72.5285200000026,-13.3042616669998,"134",URUBAMBA,MACHUPICCHU,SUNI,OTROS,"0813040026","081304",CUSCO,PALCCAY,0,cpv2017_v1,,,,,,,,0,,./0.png
-72.5854983330023,-13.1351983329998,"135",URUBAMBA,MACHUPICCHU,YUNGA FLUVIAL,OTROS,"0813040028","081304",CUSCO,PROGRESO,9,cpv2017_v1,,,,,,,,0,,./0.png
-72.5779850000024,-13.1345433329998,"136",URUBAMBA,MACHUPICCHU,YUNGA FLUVIAL,OTROS,"0813040029","081304",CUSCO,HUAYNAPATA,0,cpv2017_v1,,,,,,,,0,,./0.png
-72.5798783330023,-13.1316483329998,"137",URUBAMBA,MACHUPICCHU,YUNGA FLUVIAL,OTROS,"0813040030","081304",CUSCO,PACAYPATA,1,cpv2017_v1,,,,,,,,0,,./0.png
-72.5823950000023,-13.1375799999998,"138",URUBAMBA,MACHUPICCHU,YUNGA FLUVIAL,OTROS,"0813040031","081304",CUSCO,CAJONNIYOC,53,cpv2017_v1,,,,,,,,0,,./0.png
-72.5782233330024,-13.1384383329998,"139",URUBAMBA,MACHUPICCHU,YUNGA FLUVIAL,OTROS,"0813040032","081304",CUSCO,CHILCAPATA,2,cpv2017_v1,,,,,,,,0,,./0.png
-72.4431333330033,-13.2575683329997,"140",URUBAMBA,MACHUPICCHU,QUECHUA,OTROS,"0813040033","081304",CUSCO,HATUNCHACA,30,cpv2017_v1,,,,,,,,0,,./0.png
-72.4480416670034,-13.2138949999998,"141",URUBAMBA,MACHUPICCHU,QUECHUA,OTROS,"0813040037","081304",CUSCO,CHAQUIMAYO,15,cpv2017_v1,,,,,,,,0,,./0.png
-72.5771166670024,-13.1723883329998,"142",URUBAMBA,MACHUPICCHU,YUNGA FLUVIAL,OTROS,"0813040038","081304",CUSCO,CAMANTI,3,cpv2017_v1,,,,,,,,0,,./0.png
-72.5802516670023,-13.1572016669998,"143",URUBAMBA,MACHUPICCHU,YUNGA FLUVIAL,OTROS,"0813040039","081304",CUSCO,CARRILLUCHAYOC,1,cpv2017_v1,,,,,,,,0,,./0.png
-72.5651116670024,-13.1740099999998,"144",URUBAMBA,MACHUPICCHU,YUNGA FLUVIAL,OTROS,"0813040040","081304",CUSCO,CCOLLPANI LAJA,4,cpv2017_v1,,,,,,,,0,,./0.png
-72.4112966670037,-13.2290083329997,"145",URUBAMBA,MACHUPICCHU,QUECHUA,OTROS,"0813040042","081304",CUSCO,QANABAMBA,11,cpv2017_v1,,,,,,,,0,,./0.png
-72.4466983330034,-13.2109549999997,"146",URUBAMBA,MACHUPICCHU,QUECHUA,OTROS,"0813040044","081304",CUSCO,HORNADAPATA,5,cpv2017_v1,,,,,,,,0,,./0.png
-72.5322366670026,-13.1852549999998,"147",URUBAMBA,MACHUPICCHU,YUNGA FLUVIAL,OTROS,"0813040045","081304",CUSCO,CHOQUE SUYSUY,3,cpv2017_v1,,,,,,,,0,,./0.png
-72.5262033330027,-13.1718449999998,"148",URUBAMBA,MACHUPICCHU,YUNGA FLUVIAL,OTROS,"0813040046","081304",CUSCO,PARAGUACHAYOC,0,cpv2017_v1,,,,,,,,0,,./0.png
-72.5092150000029,-13.1870766669997,"149",URUBAMBA,MACHUPICCHU,YUNGA FLUVIAL,OTROS,"0813040047","081304",CUSCO,CHACHABAMBA,2,cpv2017_v1,,,,,,,,0,,./0.png
-72.4248350000036,-13.2288066669997,"150",URUBAMBA,MACHUPICCHU,QUECHUA,,"0813040048","081304",CUSCO,CUSICHACA,7,cpv2017_v1,,,,,,,,0,,./0.png
-72.5848150000023,-13.1317249999998,"151",URUBAMBA,MACHUPICCHU,YUNGA FLUVIAL,,"0813040049","081304",CUSCO,MESADA PATA,51,cpv2017_v1,,,,,,,,0,,./0.png
-72.1563833900071,-13.3326172999994,"152",URUBAMBA,MARAS,QUECHUA,PUEBLO,"0813050001","081305",CUSCO,MARAS,1578,cpv2017_v1,,,,,,,,0,,./0.png
-72.1895850000065,-13.2848916669995,"153",URUBAMBA,MARAS,QUECHUA,CASERIO,"0813050002","081305",CUSCO,PAUCARBAMBA,186,cpv2017_v1,,,,,,,,0,,./0.png
-72.1637033330069,-13.2882616669995,"154",URUBAMBA,MARAS,QUECHUA,OTROS,"0813050003","081305",CUSCO,PICHINGOTO,96,cpv2017_v1,,,,,,,,0,,./0.png
-72.1153450000078,-13.3135649999993,"155",URUBAMBA,MARAS,QUECHUA,CASERIO,"0813050004","081305",CUSCO,TARAPATA,446,cpv2017_v1,,,,,,,,0,,./0.png
-72.1116416670079,-13.3171066669994,"156",URUBAMBA,MARAS,QUECHUA,OTROS,"0813050005","081305",CUSCO,CULEBRACHAYOC,50,cpv2017_v1,,,,,,,,0,,./0.png
-72.2062000000062,-13.3176133329995,"157",URUBAMBA,MARAS,SUNI,CASERIO,"0813050006","081305",CUSCO,KACLLARACCAY,211,cpv2017_v1,,,,,,,,0,,./0.png
-72.1201983330077,-13.3213616669994,"158",URUBAMBA,MARAS,QUECHUA,CASERIO,"0813050007","081305",CUSCO,JAHUA CCOLLAY,40,cpv2017_v1,,,,,,,,0,,./0.png
-72.1973000000064,-13.3379816669995,"159",URUBAMBA,MARAS,SUNI,OTROS,"0813050008","081305",CUSCO,MISTIRACCAY,23,cpv2017_v1,,,,,,,,0,,./0.png
-72.1813816670066,-13.3341966669995,"160",URUBAMBA,MARAS,SUNI,OTROS,"0813050009","081305",CUSCO,PISQOCCOCHA,2,cpv2017_v1,,,,,,,,0,,./0.png
-72.1853433330065,-13.3367866669995,"161",URUBAMBA,MARAS,SUNI,OTROS,"0813050010","081305",CUSCO,PISCOPATA,18,cpv2017_v1,,,,,,,,0,,./0.png
-72.1934566670064,-13.3276149999995,"162",URUBAMBA,MARAS,SUNI,OTROS,"0813050011","081305",CUSCO,MORAY,9,cpv2017_v1,,,,,,,,0,,./0.png
-72.1403316670073,-13.3401266669994,"163",URUBAMBA,MARAS,QUECHUA,OTROS,"0813050012","081305",CUSCO,TIOBAMBA,7,cpv2017_v1,,,,,,,,0,,./0.png
-72.1906416670065,-13.3286433329995,"164",URUBAMBA,MARAS,QUECHUA,OTROS,"0813050013","081305",CUSCO,PITIC,0,cpv2017_v1,,,,,,,,0,,./0.png
-72.1265550000075,-13.3552366669994,"165",URUBAMBA,MARAS,QUECHUA,OTROS,"0813050014","081305",CUSCO,CHILCAPUJIO,6,cpv2017_v1,,,,,,,,0,,./0.png
-72.1262450000076,-13.3371533329994,"166",URUBAMBA,MARAS,QUECHUA,ANEXO,"0813050015","081305",CUSCO,PILLIRAY,146,cpv2017_v1,,,,,,,,0,,./0.png
-72.1835883330066,-13.3621966669995,"167",URUBAMBA,MARAS,SUNI,OTROS,"0813050016","081305",CUSCO,PACCHACCATA,1,cpv2017_v1,,,,,,,,0,,./0.png
-72.2030133330063,-13.3251383329995,"168",URUBAMBA,MARAS,SUNI,OTROS,"0813050017","081305",CUSCO,COLLPARAY,18,cpv2017_v1,,,,,,,,0,,./0.png
-72.1955250000064,-13.3520133329995,"169",URUBAMBA,MARAS,SUNI,CASERIO,"0813050018","081305",CUSCO,SANTA ANA,33,cpv2017_v1,,,,,,,,0,,./0.png
-72.2012033330063,-13.3431583329995,"170",URUBAMBA,MARAS,SUNI,ANEXO,"0813050019","081305",CUSCO,MISMINAY,282,cpv2017_v1,,,,,,,,0,,./0.png
-72.1841366670065,-13.3477766669995,"171",URUBAMBA,MARAS,SUNI,OTROS,"0813050020","081305",CUSCO,PAHUCHA,6,cpv2017_v1,,,,,,,,0,,./0.png
-72.1874866670065,-13.3464583329994,"172",URUBAMBA,MARAS,SUNI,OTROS,"0813050021","081305",CUSCO,ANCCOTO,102,cpv2017_v1,,,,,,,,0,,./0.png
-72.1178350000077,-13.3422549999994,"173",URUBAMBA,MARAS,QUECHUA,CASERIO,"0813050022","081305",CUSCO,COLLANAS,216,cpv2017_v1,,,,,,,,0,,./0.png
-72.1045583330079,-13.3480999999993,"174",URUBAMBA,MARAS,SUNI,ANEXO,"0813050023","081305",CUSCO,TAMBOCCOCHA,117,cpv2017_v1,,,,,,,,0,,./0.png
-72.1973333330063,-13.3574933329995,"175",URUBAMBA,MARAS,SUNI,ANEXO,"0813050024","081305",CUSCO,PUCAMACHAY,69,cpv2017_v1,,,,,,,,0,,./0.png
-72.1931716670063,-13.3671683329995,"176",URUBAMBA,MARAS,SUNI,ANEXO,"0813050025","081305",CUSCO,PILLAHUARA,241,cpv2017_v1,,,,,,,,0,,./0.png
-72.1974033330063,-13.3637433329995,"177",URUBAMBA,MARAS,SUNI,ANEXO,"0813050026","081305",CUSCO,TAYANCAYOC,119,cpv2017_v1,,,,,,,,0,,./0.png
-72.1351733330073,-13.3682516669994,"178",URUBAMBA,MARAS,SUNI,OTROS,"0813050027","081305",CUSCO,CAPULIYOC,18,cpv2017_v1,,,,,,,,0,,./0.png
-72.1600033330069,-13.3680349999994,"179",URUBAMBA,MARAS,SUNI,ANEXO,"0813050028","081305",CUSCO,KEULLACOCHA,197,cpv2017_v1,,,,,,,,0,,./0.png
-72.1435850000072,-13.3737399999994,"180",URUBAMBA,MARAS,SUNI,ANEXO,"0813050029","081305",CUSCO,CJUHUA,20,cpv2017_v1,,,,,,,,0,,./0.png
-72.1491166670071,-13.3757949999994,"181",URUBAMBA,MARAS,SUNI,ANEXO,"0813050030","081305",CUSCO,CHAN CHAN,73,cpv2017_v1,,,,,,,,0,,./0.png
-72.1689900000067,-13.3793266669994,"182",URUBAMBA,MARAS,SUNI,ANEXO,"0813050031","081305",CUSCO,PFISCUYRO,167,cpv2017_v1,,,,,,,,0,,./0.png
-72.1241466670075,-13.3752833329994,"183",URUBAMBA,MARAS,SUNI,CASERIO,"0813050032","081305",CUSCO,CHEQUEREC,279,cpv2017_v1,,,,,,,,0,,./0.png
-72.153980000007,-13.3824883329995,"184",URUBAMBA,MARAS,SUNI,ANEXO,"0813050034","081305",CUSCO,QUILLAHUAMANPATA,133,cpv2017_v1,,,,,,,,0,,./0.png
-72.1620866670069,-13.3740016669994,"185",URUBAMBA,MARAS,SUNI,CASERIO,"0813050035","081305",CUSCO,MAHUAYPAMPA CENTRO,360,cpv2017_v1,,,,,,,,0,,./0.png
-72.1164650000077,-13.3821983329994,"186",URUBAMBA,MARAS,SUNI,CASERIO,"0813050036","081305",CUSCO,CRUZ PATA,344,cpv2017_v1,,,,,,,,0,,./0.png
-72.1385966670073,-13.3812816669994,"187",URUBAMBA,MARAS,SUNI,OTROS,"0813050037","081305",CUSCO,CHOCPA,11,cpv2017_v1,,,,,,,,0,,./0.png
-72.2025133330063,-13.3070249999995,"188",URUBAMBA,MARAS,QUECHUA,OTROS,"0813050039","081305",CUSCO,PUCARA,0,cpv2017_v1,,,,,,,,0,,./0.png
-72.1291066670075,-13.3304316669994,"189",URUBAMBA,MARAS,QUECHUA,,"0813050040","081305",CUSCO,RAMAL MARAS,12,cpv2017_v1,,,,,,,,0,,./0.png
-72.1051266670079,-13.3796199999993,"190",URUBAMBA,MARAS,SUNI,,"0813050041","081305",CUSCO,COLLANAS ALTA,94,cpv2017_v1,,,,,,,,0,,./0.png
-72.1092100000078,-13.3741849999993,"191",URUBAMBA,MARAS,SUNI,,"0813050042","081305",CUSCO,COLLANAS BAJA,216,cpv2017_v1,,,,,,,,0,,./0.png
-72.1512900000071,-13.3411549999994,"192",URUBAMBA,MARAS,QUECHUA,,"0813050043","081305",CUSCO,AYARUCO,0,cpv2017_v1,,,,,,,,0,,./0.png
-72.1539516670071,-13.3039799999994,"193",URUBAMBA,MARAS,QUECHUA,,"0813050044","081305",CUSCO,SALINERAS,0,cpv2017_v1,,,,,,,,0,,./0.png
-72.2633678360055,-13.2589126269996,"194",URUBAMBA,OLLANTAYTAMBO,QUECHUA,PUEBLO,"0813060001","081306",CUSCO,OLLANTAYTAMBO,3050,cpv2017_v1,,,,,,,,0,,./0.png
-72.2638204970056,-13.1213497739996,"195",URUBAMBA,OLLANTAYTAMBO,SUNI,OTROS,"0813060002","081306",CUSCO,YANAMAYO,31,cpv2017_v1,,,,,,,,0,,./0.png
-72.2140937650064,-13.1013054019995,"196",URUBAMBA,OLLANTAYTAMBO,SUNI,OTROS,"0813060003","081306",CUSCO,QUELQANKA,68,cpv2017_v1,,,,,,,,0,,./0.png
-72.2763616670054,-13.1444466669996,"197",URUBAMBA,OLLANTAYTAMBO,SUNI,ANEXO,"0813060004","081306",CUSCO,TASTAYOC,30,cpv2017_v1,,,,,,,,0,,./0.png
-72.1961650000066,-13.1342949999995,"198",URUBAMBA,OLLANTAYTAMBO,PUNA O JALCA,OTROS,"0813060005","081306",CUSCO,JUQUICANCHA,15,cpv2017_v1,,,,,,,,0,,./0.png
-72.1834583330069,-13.1201116669995,"199",URUBAMBA,OLLANTAYTAMBO,PUNA O JALCA,OTROS,"0813060006","081306",CUSCO,QHAHUAN,15,cpv2017_v1,,,,,,,,0,,./0.png
-72.1914333330067,-13.1721649999995,"200",URUBAMBA,OLLANTAYTAMBO,SUNI,CASERIO,"0813060007","081306",CUSCO,PATACANCHA,414,cpv2017_v1,,,,,,,,0,,./0.png
-72.1918777350066,-13.1702405619995,"201",URUBAMBA,OLLANTAYTAMBO,SUNI,CASERIO,"0813060008","081306",CUSCO,RUMIRA SONDOR MAYO,116,cpv2017_v1,,,,,,,,0,,./0.png
-72.2809100000053,-13.1571349999996,"202",URUBAMBA,OLLANTAYTAMBO,SUNI,OTROS,"0813060009","081306",CUSCO,COSÑIRITY,9,cpv2017_v1,,,,,,,,0,,./0.png
-72.2012016670065,-13.2034183329995,"203",URUBAMBA,OLLANTAYTAMBO,SUNI,CASERIO,"0813060010","081306",CUSCO,HUILLOC,228,cpv2017_v1,,,,,,,,0,,./0.png
-72.1957800000065,-13.2117283329995,"204",URUBAMBA,OLLANTAYTAMBO,SUNI,OTROS,"0813060011","081306",CUSCO,CHEQCHECANCHA,66,cpv2017_v1,,,,,,,,0,,./0.png
-72.2002716670065,-13.2175549999995,"205",URUBAMBA,OLLANTAYTAMBO,SUNI,OTROS,"0813060012","081306",CUSCO,RUCKA,100,cpv2017_v1,,,,,,,,0,,./0.png
-72.2886216670052,-13.1746249999996,"206",URUBAMBA,OLLANTAYTAMBO,SUNI,OTROS,"0813060013","081306",CUSCO,PEÑAS,12,cpv2017_v1,,,,,,,,0,,./0.png
-72.2077883330063,-13.2125949999995,"207",URUBAMBA,OLLANTAYTAMBO,QUECHUA,OTROS,"0813060014","081306",CUSCO,RAYANCANCHA,56,cpv2017_v1,,,,,,,,0,,./0.png
-72.3134283330048,-13.2250066669996,"208",URUBAMBA,OLLANTAYTAMBO,QUECHUA,CASERIO,"0813060015","081306",CUSCO,TANCCAC,388,cpv2017_v1,,,,,,,,0,,./0.png
-72.2064700000064,-13.2215733329995,"209",URUBAMBA,OLLANTAYTAMBO,QUECHUA,OTROS,"0813060016","081306",CUSCO,MARCCACCOCHA,15,cpv2017_v1,,,,,,,,0,,./0.png
-72.2905416670051,-13.1847816669996,"210",URUBAMBA,OLLANTAYTAMBO,QUECHUA,OTROS,"0813060017","081306",CUSCO,CCOLPANI,15,cpv2017_v1,,,,,,,,0,,./0.png
-72.298740000005,-13.2068299999996,"211",URUBAMBA,OLLANTAYTAMBO,QUECHUA,OTROS,"0813060018","081306",CUSCO,HABASPAMPA,2,cpv2017_v1,,,,,,,,0,,./0.png
-72.3554000000043,-13.2156499999996,"212",URUBAMBA,OLLANTAYTAMBO,QUECHUA,OTROS,"0813060019","081306",CUSCO,TIAPARO,78,cpv2017_v1,,,,,,,,0,,./0.png
-72.3459716670044,-13.2217633329997,"213",URUBAMBA,OLLANTAYTAMBO,QUECHUA,CASERIO,"0813060020","081306",CUSCO,PALOMAR,166,cpv2017_v1,,,,,,,,0,,./0.png
-72.3705900000041,-13.2151866669997,"214",URUBAMBA,OLLANTAYTAMBO,QUECHUA,CASERIO,"0813060021","081306",CUSCO,PISCACUCHO,409,cpv2017_v1,,,,,,,,0,,./0.png
-72.302081667005,-13.2140116669996,"215",URUBAMBA,OLLANTAYTAMBO,QUECHUA,OTROS,"0813060022","081306",CUSCO,PAMPALLACTA,30,cpv2017_v1,,,,,,,,0,,./0.png
-72.228343333006,-13.2350699999995,"216",URUBAMBA,OLLANTAYTAMBO,QUECHUA,OTROS,"0813060023","081306",CUSCO,PUMAMARCA,45,cpv2017_v1,,,,,,,,0,,./0.png
-72.3624483330043,-13.2159283329997,"217",URUBAMBA,OLLANTAYTAMBO,QUECHUA,OTROS,"0813060024","081306",CUSCO,OLMIRON,83,cpv2017_v1,,,,,,,,0,,./0.png
-72.3378766670046,-13.2235399999997,"218",URUBAMBA,OLLANTAYTAMBO,QUECHUA,OTROS,"0813060025","081306",CUSCO,CHILLCA,52,cpv2017_v1,,,,,,,,0,,./0.png
-72.2096216670063,-13.2267199999995,"219",URUBAMBA,OLLANTAYTAMBO,QUECHUA,OTROS,"0813060026","081306",CUSCO,COLCCARACCAY,13,cpv2017_v1,,,,,,,,0,,./0.png
-72.3381900000045,-13.2269366669997,"220",URUBAMBA,OLLANTAYTAMBO,QUECHUA,CASERIO,"0813060027","081306",CUSCO,PRIMAVERA,153,cpv2017_v1,,,,,,,,0,,./0.png
-72.3296350000046,-13.2299033329997,"221",URUBAMBA,OLLANTAYTAMBO,QUECHUA,ANEXO,"0813060028","081306",CUSCO,SILQUEPAMPA,27,cpv2017_v1,,,,,,,,0,,./0.png
-72.4242300000036,-13.2270583329997,"222",URUBAMBA,OLLANTAYTAMBO,QUECHUA,OTROS,"0813060029","081306",CUSCO,CHAMANA,36,cpv2017_v1,,,,,,,,0,,./0.png
-72.3897933330039,-13.2208983329997,"223",URUBAMBA,OLLANTAYTAMBO,QUECHUA,OTROS,"0813060030","081306",CUSCO,YAHUARHUACCA,15,cpv2017_v1,,,,,,,,0,,./0.png
-72.3201900000047,-13.2259833329996,"224",URUBAMBA,OLLANTAYTAMBO,QUECHUA,ANEXO,"0813060031","081306",CUSCO,SILLQUIPUNTA,17,cpv2017_v1,,,,,,,,0,,./0.png
-72.4025316670038,-13.2286399999997,"225",URUBAMBA,OLLANTAYTAMBO,QUECHUA,OTROS,"0813060032","081306",CUSCO,CARPAMAYO,55,cpv2017_v1,,,,,,,,0,,./0.png
-72.4172750000036,-13.2327583329997,"226",URUBAMBA,OLLANTAYTAMBO,QUECHUA,OTROS,"0813060033","081306",CUSCO,MESCCAY,25,cpv2017_v1,,,,,,,,0,,./0.png
-72.2172666670061,-13.2328583329995,"227",URUBAMBA,OLLANTAYTAMBO,QUECHUA,CASERIO,"0813060034","081306",CUSCO,PALLATA,161,cpv2017_v1,,,,,,,,0,,./0.png
-72.300356667005,-13.2319433329996,"228",URUBAMBA,OLLANTAYTAMBO,QUECHUA,COOPERATIVA AGRARIA,"0813060035","081306",CUSCO,PHIRY,264,cpv2017_v1,,,,,,,,0,,./0.png
-72.3239866670047,-13.2424483329996,"229",URUBAMBA,OLLANTAYTAMBO,QUECHUA,ANEXO,"0813060036","081306",CUSCO,KCAMICANCHA,100,cpv2017_v1,,,,,,,,0,,./0.png
-72.2927916670051,-13.2471483329996,"230",URUBAMBA,OLLANTAYTAMBO,QUECHUA,OTROS,"0813060037","081306",CUSCO,HUAYRACPUNCO,8,cpv2017_v1,,,,,,,,0,,./0.png
-72.2799589060052,-13.2510355319996,"231",URUBAMBA,OLLANTAYTAMBO,QUECHUA,CASERIO,"0813060038","081306",CUSCO,RUMIRA,482,cpv2017_v1,,,,,,,,0,,./0.png
-72.2859916670052,-13.2494516669996,"232",URUBAMBA,OLLANTAYTAMBO,QUECHUA,OTROS,"0813060039","081306",CUSCO,TARABAMBA,5,cpv2017_v1,,,,,,,,0,,./0.png
-72.2595533330055,-13.2634483329995,"233",URUBAMBA,OLLANTAYTAMBO,QUECHUA,OTROS,"0813060040","081306",CUSCO,TAMBOCHACA,11,cpv2017_v1,,,,,,,,0,,./0.png
-72.4118200000037,-13.2418899999997,"234",URUBAMBA,OLLANTAYTAMBO,QUECHUA,ANEXO,"0813060041","081306",CUSCO,JACCAS,28,cpv2017_v1,,,,,,,,0,,./0.png
-72.2192700000061,-13.2749249999995,"235",URUBAMBA,OLLANTAYTAMBO,QUECHUA,CASERIO,"0813060042","081306",CUSCO,PACHAR,357,cpv2017_v1,,,,,,,,0,,./0.png
-72.2886916670051,-13.2573966669996,"236",URUBAMBA,OLLANTAYTAMBO,QUECHUA,CASERIO,"0813060043","081306",CUSCO,KCACHICCATA,192,cpv2017_v1,,,,,,,,0,,./0.png
-72.2636783330054,-13.2786016669996,"237",URUBAMBA,OLLANTAYTAMBO,PUNA O JALCA,OTROS,"0813060044","081306",CUSCO,CHARCCAHUAYLLA,13,cpv2017_v1,,,,,,,,0,,./0.png
-72.4514780000033,-13.2790539999998,"238",URUBAMBA,OLLANTAYTAMBO,QUECHUA,OTROS,"0813060045","081306",CUSCO,PAUCARCANCHA,8,cpv2017_v1,,,,,,,,0,,./0.png
-72.2804799810052,-13.2876099809996,"239",URUBAMBA,OLLANTAYTAMBO,PUNA O JALCA,UNIDAD AGROPECUARIA,"0813060046","081306",CUSCO,ANCASCCOCHA,7,cpv2017_v1,,,,,,,,0,,./0.png
-72.4207350000036,-13.3056983329997,"240",URUBAMBA,OLLANTAYTAMBO,SUNI,UNIDAD AGROPECUARIA,"0813060048","081306",CUSCO,QUESCCA,44,cpv2017_v1,,,,,,,,0,,./0.png
-72.2686850000053,-13.3042766669996,"241",URUBAMBA,OLLANTAYTAMBO,SUNI,OTROS,"0813060049","081306",CUSCO,RAYAN,58,cpv2017_v1,,,,,,,,0,,./0.png
-72.2534050000056,-13.3104333329995,"242",URUBAMBA,OLLANTAYTAMBO,QUECHUA,OTROS,"0813060050","081306",CUSCO,PILCOBAMBA,59,cpv2017_v1,,,,,,,,0,,./0.png
-72.2402250000057,-13.3112416669995,"243",URUBAMBA,OLLANTAYTAMBO,QUECHUA,OTROS,"0813060051","081306",CUSCO,RAPCCA,31,cpv2017_v1,,,,,,,,0,,./0.png
-72.2455900000056,-13.3118466669995,"244",URUBAMBA,OLLANTAYTAMBO,QUECHUA,OTROS,"0813060052","081306",CUSCO,SOCCMA,93,cpv2017_v1,,,,,,,,0,,./0.png
-72.2658633330054,-13.3171683329995,"245",URUBAMBA,OLLANTAYTAMBO,SUNI,OTROS,"0813060053","081306",CUSCO,MARKURAY,104,cpv2017_v1,,,,,,,,0,,./0.png
-72.2324500000058,-13.3281149999995,"246",URUBAMBA,OLLANTAYTAMBO,QUECHUA,OTROS,"0813060054","081306",CUSCO,POMATALES,44,cpv2017_v1,,,,,,,,0,,./0.png
-72.2091265510065,-13.1000489199995,"247",URUBAMBA,OLLANTAYTAMBO,SUNI,OTROS,"0813060056","081306",CUSCO,TAMBILLO,2,cpv2017_v1,,,,,,,,0,,./0.png
-72.2262999820062,-13.1108299809995,"248",URUBAMBA,OLLANTAYTAMBO,QUECHUA,OTROS,"0813060057","081306",CUSCO,LIRIGUYOC,9,cpv2017_v1,,,,,,,,0,,./0.png
-72.1908892600068,-13.1035821369995,"249",URUBAMBA,OLLANTAYTAMBO,PUNA O JALCA,OTROS,"0813060058","081306",CUSCO,CCANNCCAHUA,29,cpv2017_v1,,,,,,,,0,,./0.png
-72.2237799820062,-13.1113499809995,"250",URUBAMBA,OLLANTAYTAMBO,SUNI,OTROS,"0813060059","081306",CUSCO,GARRAPATA,21,cpv2017_v1,,,,,,,,0,,./0.png
-72.2839316670053,-13.1425616669996,"251",URUBAMBA,OLLANTAYTAMBO,PUNA O JALCA,OTROS,"0813060060","081306",CUSCO,CCACHUPATA,4,cpv2017_v1,,,,,,,,0,,./0.png
-72.2265986770062,-13.1070553859995,"252",URUBAMBA,OLLANTAYTAMBO,SUNI,OTROS,"0813060062","081306",CUSCO,MUYURACCAY,0,cpv2017_v1,,,,,,,,0,,./0.png
-72.2061506010065,-13.1079649929995,"253",URUBAMBA,OLLANTAYTAMBO,SUNI,OTROS,"0813060063","081306",CUSCO,TERECHUAY,82,cpv2017_v1,,,,,,,,0,,./0.png
-72.2240257290062,-13.1161327979995,"254",URUBAMBA,OLLANTAYTAMBO,SUNI,OTROS,"0813060064","081306",CUSCO,NANRAYOC,5,cpv2017_v1,,,,,,,,0,,./0.png
-72.2903016670052,-13.1391083329996,"255",URUBAMBA,OLLANTAYTAMBO,PUNA O JALCA,OTROS,"0813060065","081306",CUSCO,MALAGA,15,cpv2017_v1,,,,,,,,0,,./0.png
-72.2220981560063,-13.1027897449995,"256",URUBAMBA,OLLANTAYTAMBO,PUNA O JALCA,OTROS,"0813060066","081306",CUSCO,SORAYOC,27,cpv2017_v1,,,,,,,,0,,./0.png
-72.1960974330067,-13.1078481319995,"257",URUBAMBA,OLLANTAYTAMBO,PUNA O JALCA,OTROS,"0813060067","081306",CUSCO,CHUA,11,cpv2017_v1,,,,,,,,0,,./0.png
-72.1983299820066,-13.1287699809995,"258",URUBAMBA,OLLANTAYTAMBO,PUNA O JALCA,OTROS,"0813060068","081306",CUSCO,CULLUHUATA,9,cpv2017_v1,,,,,,,,0,,./0.png
-72.2067827700065,-13.1040117149995,"259",URUBAMBA,OLLANTAYTAMBO,SUNI,OTROS,"0813060069","081306",CUSCO,HATUN HUAYCO,63,cpv2017_v1,,,,,,,,0,,./0.png
-72.2279410100061,-13.1275556559996,"260",URUBAMBA,OLLANTAYTAMBO,PUNA O JALCA,OTROS,"0813060070","081306",CUSCO,YURACRUMI,58,cpv2017_v1,,,,,,,,0,,./0.png
-72.2201346010063,-13.1080640899995,"261",URUBAMBA,OLLANTAYTAMBO,PUNA O JALCA,OTROS,"0813060071","081306",CUSCO,YAURIYOC,23,cpv2017_v1,,,,,,,,0,,./0.png
-72.2746316670054,-13.1586166669996,"262",URUBAMBA,OLLANTAYTAMBO,SUNI,OTROS,"0813060072","081306",CUSCO,HUACRATRANCA,3,cpv2017_v1,,,,,,,,0,,./0.png
-72.2008266670065,-13.2003716669995,"263",URUBAMBA,OLLANTAYTAMBO,SUNI,OTROS,"0813060073","081306",CUSCO,HUILLOC CHIMPA,100,cpv2017_v1,,,,,,,,0,,./0.png
-72.1984916670065,-13.2059699999995,"264",URUBAMBA,OLLANTAYTAMBO,SUNI,OTROS,"0813060074","081306",CUSCO,MUTUYPATA,90,cpv2017_v1,,,,,,,,0,,./0.png
-72.2324200000059,-13.2024733329995,"265",URUBAMBA,OLLANTAYTAMBO,SUNI,OTROS,"0813060075","081306",CUSCO,CHOQUECHAKA,6,cpv2017_v1,,,,,,,,0,,./0.png
-72.1915450000066,-13.2139216669995,"266",URUBAMBA,OLLANTAYTAMBO,SUNI,ANEXO,"0813060076","081306",CUSCO,HUCHUYPATACANCHA,42,cpv2017_v1,,,,,,,,0,,./0.png
-72.3752466670041,-13.2171333329997,"267",URUBAMBA,OLLANTAYTAMBO,QUECHUA,OTROS,"0813060078","081306",CUSCO,ROCCABAMBA,0,cpv2017_v1,,,,,,,,0,,./0.png
-72.3300283330046,-13.2347683329997,"268",URUBAMBA,OLLANTAYTAMBO,QUECHUA,CASERIO,"0813060080","081306",CUSCO,PATAPATA GRANDE,84,cpv2017_v1,,,,,,,,0,,./0.png
-72.4248550000036,-13.2346349999997,"269",URUBAMBA,OLLANTAYTAMBO,QUECHUA,OTROS,"0813060081","081306",CUSCO,CUSICHACA,0,cpv2017_v1,,,,,,,,0,,./0.png
-72.294371667005,-13.2519783329996,"270",URUBAMBA,OLLANTAYTAMBO,QUECHUA,OTROS,"0813060082","081306",CUSCO,CCACHAPAMPA,4,cpv2017_v1,,,,,,,,0,,./0.png
-72.2293316670059,-13.2414883329995,"271",URUBAMBA,OLLANTAYTAMBO,QUECHUA,OTROS,"0813060084","081306",CUSCO,MURIS,14,cpv2017_v1,,,,,,,,0,,./0.png
-72.298745000005,-13.2544866669996,"272",URUBAMBA,OLLANTAYTAMBO,QUECHUA,OTROS,"0813060085","081306",CUSCO,OYBISCUYOC,11,cpv2017_v1,,,,,,,,0,,./0.png
-72.2613650000055,-13.2487433329995,"273",URUBAMBA,OLLANTAYTAMBO,QUECHUA,CASERIO,"0813060086","081306",CUSCO,BANDOLISTA,331,cpv2017_v1,,,,,,,,0,,./0.png
-72.2539000000056,-13.2485033329996,"274",URUBAMBA,OLLANTAYTAMBO,QUECHUA,OTROS,"0813060087","081306",CUSCO,MUÑAYPATA,57,cpv2017_v1,,,,,,,,0,,./0.png
-72.3002266670049,-13.2507733329996,"275",URUBAMBA,OLLANTAYTAMBO,QUECHUA,OTROS,"0813060088","081306",CUSCO,HUALLHUAYOC,18,cpv2017_v1,,,,,,,,0,,./0.png
-72.2880100000051,-13.2533716669996,"276",URUBAMBA,OLLANTAYTAMBO,QUECHUA,OTROS,"0813060089","081306",CUSCO,HUAYLLAR,0,cpv2017_v1,,,,,,,,0,,./0.png
-72.4262683330035,-13.2382349999997,"277",URUBAMBA,OLLANTAYTAMBO,QUECHUA,OTROS,"0813060090","081306",CUSCO,TUNASMOCCO,5,cpv2017_v1,,,,,,,,0,,./0.png
-72.296001667005,-13.2414099999996,"278",URUBAMBA,OLLANTAYTAMBO,QUECHUA,OTROS,"0813060091","081306",CUSCO,CCOLLPAPAMPA,0,cpv2017_v1,,,,,,,,0,,./0.png
-72.2928733330051,-13.2602433329996,"279",URUBAMBA,OLLANTAYTAMBO,QUECHUA,OTROS,"0813060093","081306",CUSCO,PACPAYOC,0,cpv2017_v1,,,,,,,,0,,./0.png
-72.2300300000059,-13.2680966669995,"280",URUBAMBA,OLLANTAYTAMBO,QUECHUA,OTROS,"0813060094","081306",CUSCO,CHULLARACCAY,107,cpv2017_v1,,,,,,,,0,,./0.png
-72.2751700000053,-13.2642683329996,"281",URUBAMBA,OLLANTAYTAMBO,QUECHUA,OTROS,"0813060095","081306",CUSCO,ÑAHUIPAMPA,2,cpv2017_v1,,,,,,,,0,,./0.png
-72.4184216670036,-13.2480633329997,"282",URUBAMBA,OLLANTAYTAMBO,QUECHUA,OTROS,"0813060096","081306",CUSCO,QUISHUARPATA,0,cpv2017_v1,,,,,,,,0,,./0.png
-72.223951667006,-13.2711066669995,"283",URUBAMBA,OLLANTAYTAMBO,QUECHUA,OTROS,"0813060098","081306",CUSCO,DURASNIYOC PAMPA,31,cpv2017_v1,,,,,,,,0,,./0.png
-72.2214700000061,-13.2724249999995,"284",URUBAMBA,OLLANTAYTAMBO,QUECHUA,OTROS,"0813060099","081306",CUSCO,ESTACION,48,cpv2017_v1,,,,,,,,0,,./0.png
-72.221428333006,-13.2759716669995,"285",URUBAMBA,OLLANTAYTAMBO,QUECHUA,OTROS,"0813060100","081306",CUSCO,PATAHUASI,38,cpv2017_v1,,,,,,,,0,,./0.png
-72.3021366670049,-13.2582416669996,"286",URUBAMBA,OLLANTAYTAMBO,QUECHUA,OTROS,"0813060101","081306",CUSCO,HUAYLLAPATA,6,cpv2017_v1,,,,,,,,0,,./0.png
-72.3989966670037,-13.3225533329997,"287",URUBAMBA,OLLANTAYTAMBO,PUNA O JALCA,OTROS,"0813060103","081306",CUSCO,MUYUMUYO,2,cpv2017_v1,,,,,,,,0,,./0.png
-72.2630133330054,-13.2981616669995,"288",URUBAMBA,OLLANTAYTAMBO,SUNI,OTROS,"0813060104","081306",CUSCO,PANTANAY,2,cpv2017_v1,,,,,,,,0,,./0.png
-72.2591916670055,-13.2504799999996,"289",URUBAMBA,OLLANTAYTAMBO,QUECHUA,OTROS,"0813060106","081306",CUSCO,PUKARUMIYOC,37,cpv2017_v1,,,,,,,,0,,./0.png
-72.3538716670043,-13.2191266669997,"290",URUBAMBA,OLLANTAYTAMBO,QUECHUA,OTROS,"0813060107","081306",CUSCO,HUACARUMIYOC,59,cpv2017_v1,,,,,,,,0,,./0.png
-72.2353583330059,-13.2642633329996,"291",URUBAMBA,OLLANTAYTAMBO,QUECHUA,OTROS,"0813060108","081306",CUSCO,ANCOPACHA,137,cpv2017_v1,,,,,,,,0,,./0.png
-72.2548183330056,-13.2603166669995,"292",URUBAMBA,OLLANTAYTAMBO,QUECHUA,OTROS,"0813060109","081306",CUSCO,INCAPINTAY,3,cpv2017_v1,,,,,,,,0,,./0.png
-72.2447750000057,-13.2611633329995,"293",URUBAMBA,OLLANTAYTAMBO,QUECHUA,OTROS,"0813060111","081306",CUSCO,TIUPUNQO,110,cpv2017_v1,,,,,,,,0,,./0.png
-72.2460116670057,-13.2492499999996,"294",URUBAMBA,OLLANTAYTAMBO,QUECHUA,OTROS,"0813060112","081306",CUSCO,CHACCHAPATA,17,cpv2017_v1,,,,,,,,0,,./0.png
-72.4433400000033,-13.3109316669998,"295",URUBAMBA,OLLANTAYTAMBO,SUNI,OTROS,"0813060113","081306",CUSCO,CHURUMAYO,4,cpv2017_v1,,,,,,,,0,,./0.png
-72.4513250000033,-13.2770533329997,"296",URUBAMBA,OLLANTAYTAMBO,QUECHUA,OTROS,"0813060114","081306",CUSCO,MANZANAYOC,10,cpv2017_v1,,,,,,,,0,,./0.png
-72.4689050000031,-13.3236433329997,"297",URUBAMBA,OLLANTAYTAMBO,SUNI,OTROS,"0813060115","081306",CUSCO,PAMPACAHUANA,25,cpv2017_v1,,,,,,,,0,,./0.png
-72.4401285930034,-13.2544730899998,"298",URUBAMBA,OLLANTAYTAMBO,QUECHUA,OTROS,"0813060116","081306",CUSCO,CHAQUIMAYO,1,cpv2017_v1,,,,,,,,0,,./0.png
-72.296088333005,-13.2507883329996,"299",URUBAMBA,OLLANTAYTAMBO,QUECHUA,OTROS,"0813060118","081306",CUSCO,PARON,17,cpv2017_v1,,,,,,,,0,,./0.png
-72.1920066670066,-13.2082266669995,"300",URUBAMBA,OLLANTAYTAMBO,SUNI,OTROS,"0813060120","081306",CUSCO,PHAQCHAQ,128,cpv2017_v1,,,,,,,,0,,./0.png
-72.1899250000067,-13.1677233329995,"301",URUBAMBA,OLLANTAYTAMBO,SUNI,OTROS,"0813060121","081306",CUSCO,SUYTUCCACCAPATA,18,cpv2017_v1,,,,,,,,0,,./0.png
-72.2741800000053,-13.2538266669996,"302",URUBAMBA,OLLANTAYTAMBO,QUECHUA,OTROS,"0813060122","081306",CUSCO,SAN ISIDRO,45,cpv2017_v1,,,,,,,,0,,./0.png
-72.2386116670059,-13.2439933329995,"303",URUBAMBA,OLLANTAYTAMBO,QUECHUA,OTROS,"0813060126","081306",CUSCO,CHOQUEBAMBA,10,cpv2017_v1,,,,,,,,0,,./0.png
-72.3785966670041,-13.2099533329996,"304",URUBAMBA,OLLANTAYTAMBO,QUECHUA,,"0813060131","081306",CUSCO,CHACCO,37,cpv2017_v1,,,,,,,,0,,./0.png
-72.4460400000034,-13.2682399999997,"305",URUBAMBA,OLLANTAYTAMBO,QUECHUA,,"0813060133","081306",CUSCO,SALLAC,44,cpv2017_v1,,,,,,,,0,,./0.png
-72.2564566670055,-13.2632183329996,"306",URUBAMBA,OLLANTAYTAMBO,QUECHUA,,"0813060134","081306",CUSCO,HUARONCOYOC PAMPA,71,cpv2017_v1,,,,,,,,0,,./0.png
-72.296021667005,-13.2549566669996,"307",URUBAMBA,OLLANTAYTAMBO,QUECHUA,,"0813060135","081306",CUSCO,PITOCCOCHA,4,cpv2017_v1,,,,,,,,0,,./0.png
-72.2436183330057,-13.2638749999995,"308",URUBAMBA,OLLANTAYTAMBO,QUECHUA,,"0813060136","081306",CUSCO,GALLURUMIYOC,4,cpv2017_v1,,,,,,,,0,,./0.png
-72.1862666670068,-13.1639983329995,"309",URUBAMBA,OLLANTAYTAMBO,SUNI,,"0813060137","081306",CUSCO,PATACANCHA PATA,39,cpv2017_v1,,,,,,,,0,,./0.png
-72.1845450000068,-13.1720549999995,"310",URUBAMBA,OLLANTAYTAMBO,SUNI,,"0813060138","081306",CUSCO,NANRAMAYO HUAYCCO,18,cpv2017_v1,,,,,,,,0,,./0.png
-72.1942150000066,-13.1798449999995,"311",URUBAMBA,OLLANTAYTAMBO,SUNI,,"0813060139","081306",CUSCO,TRANCA PUNKO,14,cpv2017_v1,,,,,,,,0,,./0.png
-72.2178603920063,-13.1161244749995,"312",URUBAMBA,OLLANTAYTAMBO,PUNA O JALCA,,"0813060140","081306",CUSCO,YAURICUNCA,7,cpv2017_v1,,,,,,,,0,,./0.png
-72.2020883330064,-13.2076049999995,"313",URUBAMBA,OLLANTAYTAMBO,SUNI,,"0813060141","081306",CUSCO,SUTUQ MACHAY,29,cpv2017_v1,,,,,,,,0,,./0.png
-72.227148333006,-13.2247183329995,"314",URUBAMBA,OLLANTAYTAMBO,QUECHUA,,"0813060142","081306",CUSCO,SEPILLO,15,cpv2017_v1,,,,,,,,0,,./0.png
-72.0838618270084,-13.3216332369993,"315",URUBAMBA,YUCAY,QUECHUA,PUEBLO,"0813070001","081307",CUSCO,YUCAY,3154,cpv2017_v1,,,,,,,,0,,./0.png
-72.0768650000086,-13.2808516669993,"316",URUBAMBA,YUCAY,SUNI,ANEXO,"0813070003","081307",CUSCO,SAN JUAN,69,cpv2017_v1,,,,,,,,0,,./0.png
